{
  "rules": {
    "burgers": {
      ".read": true,
      ".write": true
    },
    "users": {
      "$uid": {
        ".read": "$uid === auth.uid",
        ".write": "$uid === auth.uid",
        "favorites": {
          ".read": true,
          ".write": true
        },
        "cart": {
          ".read": "$uid === auth.uid",
          ".write": "$uid === auth.uid"
        },
        "orders": {
          ".read": "$uid === auth.uid",
          ".write": "$uid === auth.uid"
        },
        "orderCount": {
          ".read": "$uid === auth.uid",
          ".write": "$uid === auth.uid"
        }
      }
    },
    "orders": {
      ".read": true,
      ".write": "auth != null",
      "$orderId": {
        ".validate": "newData.child('userId').val() === auth.uid"
      }
    }
  }
}
